ID,RH,PropSurv,Time,BF,Total,Alive,Dead,TotalDead
C1,75,1,0,N,55,55,0,0
C1,75,0.709090909,25,N,55,39,16,16
C1,75,0.618181818,29,N,55,34,5,21
C1,75,0.563636364,47,N,55,31,3,24
C1,75,0.527272727,68,N,55,29,2,26
C11,75,1,0,N,20,20,0,0
C11,75,1,3,N,20,20,0,0
C11,75,1,4,N,20,20,0,0
C11,75,1,7,N,20,20,0,0
C11,75,1,7,N,20,20,0,0
C13,75,1,0,N,54,54,0,0
C13,75,1,3,N,54,54,0,0
C13,75,1,4,N,54,54,0,0
C13,75,0.851851852,7,N,54,46,6,8
C13,75,0.962962963,7,N,54,52,2,2
C13,75,0.759259259,12,N,54,41,5,13
C13,75,0.277777778,25,N,54,15,26,39
C13,75,0.166666667,29,N,54,9,6,45
C13,75,0.166666667,29,N,54,9,0,45
C13,75,0,36,N,54,0,9,54
C13,75,0,41,N,54,0,54,54
C13,75,0,44,N,54,0,54,54
C13,75,0,47,N,54,0,54,54
C13,75,0,50,N,54,0,54,54
C13,75,0,54,N,54,0,54,54
C13,75,0,64,N,54,0,54,54
C13,75,0,68,N,54,0,54,54
C13,75,0,72,N,54,0,54,54
C13,75,0,75,N,54,0,54,54
C13,75,0,90,N,54,0,54,54
C13,75,0,95,N,54,0,54,54
C13,75,0,100.5,N,54,0,54,54
C13,75,0,116,N,54,0,54,54
C13,75,0,121,N,54,0,54,54
C13,75,0,125,N,54,0,54,54
C13,75,0,136,N,54,0,54,54
C13,75,0,142,N,54,0,54,54
C13,75,0,166,N,54,0,54,54
C14,75,1,0,N,20,20,0,0
C14,75,1,4,N,20,20,0,0
C14,75,0.7,18,N,20,14,6,6
C15,75,1,0,N,20,20,0,0
C15,75,1,5,N,20,20,0,0
C16,75,1,0,N,53,53,0,0
C16,75,0.301886792,21,N,53,16,37,37
C16,75,0.113207547,25,N,53,6,10,47
C16,75,0,44,N,53,0,6,53
C16,75,0,47,N,53,0,53,53
C16,75,0,50,N,53,0,53,53
C16,75,0,54,N,53,0,53,53
C16,75,0,64,N,53,0,53,53
C16,75,0,68,N,53,0,53,53
C16,75,0,72,N,53,0,53,53
C16,75,0,75,N,53,0,53,53
C16,75,0,90,N,53,0,53,53
C16,75,0,95,N,53,0,53,53
C16,75,0,100.5,N,53,0,53,53
C16,75,0,116,N,53,0,53,53
C16,75,0,121,N,53,0,53,53
C16,75,0,125,N,53,0,53,53
C16,75,0,136,N,53,0,53,53
C16,75,0,142,N,53,0,53,53
C16,75,0,166,N,53,0,53,53
C17,75,1,0,N,21,21,0,0
C17,75,0.523809524,18,N,21,11,10,10
C2,75,1,0,N,26,26,0,0
C2,75,0.923076923,7,N,26,24,2,2
C2,75,0.923076923,12,N,26,24,0,2
C20,75,1,0,N,5,5,0,0
C20,75,1,18,N,5,5,0,0
C20,75,0.8,21,N,5,4,1,1
C20,75,0.8,25,N,5,4,0,1
C20,75,0.2,47,N,5,1,3,4
C20,75,0,68,N,5,0,1,5
C20,75,0,72,N,5,0,5,5
C20,75,0,75,N,5,0,5,5
C20,75,0,90,N,5,0,5,5
C20,75,0,95,N,5,0,5,5
C20,75,0,100.5,N,5,0,5,5
C20,75,0,116,N,5,0,5,5
C20,75,0,121,N,5,0,5,5
C20,75,0,125,N,5,0,5,5
C20,75,0,136,N,5,0,5,5
C20,75,0,142,N,5,0,5,5
C20,75,0,166,N,5,0,5,5
C22,75,1,0,N,20,20,0,0
C22,75,1,5,N,20,20,0,0
C23,75,1,0,N,20,20,0,0
C23,75,0.95,5,N,20,19,1,1
C23,75,0.9,7,N,20,18,1,2
C24,75,1,0,N,20,20,0,0
C24,75,1,5,N,20,20,0,0
C25,75,1,0,N,50,50,0,0
C25,75,0.98,5,N,50,49,1,1
C25,75,1,5,N,50,50,0,0
C26,75,1,0,N,50,50,0,0
C26,75,1,5,N,50,50,0,0
C26,75,1,5,N,50,50,0,0
C26,75,1,7,N,50,50,0,0
C26,75,0.32,25,N,50,16,34,34
C26,75,0.06,29,N,50,3,0,47
C26,75,0.06,29,N,50,3,13,47
C26,75,0,54,N,50,0,3,50
C26,75,0,64,N,50,0,50,50
C26,75,0,68,N,50,0,50,50
C26,75,0,72,N,50,0,50,50
C26,75,0,75,N,50,0,50,50
C26,75,0,90,N,50,0,50,50
C26,75,0,95,N,50,0,50,50
C26,75,0,100.5,N,50,0,50,50
C26,75,0,116,N,50,0,50,50
C26,75,0,121,N,50,0,50,50
C26,75,0,125,N,50,0,50,50
C26,75,0,136,N,50,0,50,50
C26,75,0,142,N,50,0,50,50
C26,75,0,166,N,50,0,50,50
C28,75,1,0,N,20,20,0,0
C28,75,0.95,4,N,20,19,1,1
C29,75,1,0,N,50,50,0,0
C29,75,0.96,4,N,50,48,2,2
C29,75,0.82,18,N,50,41,7,9
C3,75,1,0,N,50,50,0,0
C3,75,0.2,25,N,50,10,40,40
C3,75,0.04,54,N,50,2,8,48
C3,75,0.04,54,N,50,2,0,48
C3,75,0,75,N,50,0,2,50
C3,75,0,90,N,50,0,50,50
C3,75,0,95,N,50,0,50,50
C3,75,0,100.5,N,50,0,50,50
C3,75,0,116,N,50,0,50,50
C3,75,0,121,N,50,0,50,50
C3,75,0,125,N,50,0,50,50
C3,75,0,136,N,50,0,50,50
C3,75,0,142,N,50,0,50,50
C3,75,0,166,N,50,0,50,50
C30,100,1,0,N,50,50,0,0
C30,100,1,4,N,50,50,0,0
C30,100,0.96,18,N,50,48,2,2
C31,75,1,0,N,21,21,0,0
C31,75,1,12,N,21,21,0,0
C31,75,1,25,N,21,21,0,0
C31,75,0.666666667,41,N,21,14,7,7
C32,100,1,0,N,20,20,0,0
C32,100,1,5,N,20,20,0,0
C33,100,1,0,N,20,20,0,0
C33,100,1,5,N,20,20,0,0
C33,100,0.95,7,N,20,19,1,1
C34,75,1,0,N,20,20,0,0
C34,75,0.95,5,N,20,19,1,1
C34,75,0.9,7,N,20,18,1,2
C35,75,1,0,N,20,20,0,0
C35,75,0.85,5,N,20,17,3,3
C36,75,1,0,N,52,52,0,0
C36,75,0.884615385,5,N,52,46,6,6
C36,75,0.653846154,7,N,52,34,12,18
C36,75,0.076923077,25,N,52,4,30,48
C36,75,0.057692308,29,N,52,3,1,49
C36,75,0.076923077,29,N,52,4,0,48
C36,75,0,44,N,52,0,3,52
C36,75,0,47,N,52,0,52,52
C36,75,0,50,N,52,0,52,52
C36,75,0,54,N,52,0,52,52
C36,75,0,64,N,52,0,52,52
C36,75,0,68,N,52,0,52,52
C36,75,0,72,N,52,0,52,52
C36,75,0,75,N,52,0,52,52
C36,75,0,90,N,52,0,52,52
C36,75,0,95,N,52,0,52,52
C36,75,0,100.5,N,52,0,52,52
C36,75,0,116,N,52,0,52,52
C36,75,0,121,N,52,0,52,52
C36,75,0,125,N,52,0,52,52
C36,75,0,136,N,52,0,52,52
C36,75,0,142,N,52,0,52,52
C36,75,0,166,N,52,0,52,52
C37,75,1,0,N,49,49,0,0
C37,75,0.714285714,21,N,49,35,7,14
C37,75,0.857142857,21,N,49,42,7,7
C37,75,0.673469388,25,N,49,33,2,16
C37,75,0.510204082,44,N,49,25,8,24
C37,75,0.204081633,72,N,49,10,15,39
C37,75,0,100.5,N,49,0,10,49
C37,75,0,116,N,49,0,49,49
C37,75,0,121,N,49,0,49,49
C37,75,0,125,N,49,0,49,49
C37,75,0,136,N,49,0,49,49
C37,75,0,142,N,49,0,49,49
C37,75,0,166,N,49,0,49,49
C38,75,1,0,N,20,20,0,0
C38,75,1,3,N,20,20,0,0
C38,75,0.9,5,N,20,18,2,2
C39,75,1,0,N,20,20,0,0
C39,75,0.9,18,N,20,18,2,2
C4,75,1,0,N,51,51,0,0
C4,75,1,5,N,51,51,0,0
C4,75,0.431372549,18,N,51,22,29,29
C4,75,0.215686275,44,N,51,11,11,40
C4,75,0.019607843,47,N,51,1,10,50
C4,75,0.019607843,68,N,51,1,0,50
C4,75,0,72,N,51,0,1,51
C4,75,0,75,N,51,0,51,51
C4,75,0,90,N,51,0,51,51
C4,75,0,95,N,51,0,51,51
C4,75,0,100.5,N,51,0,51,51
C4,75,0,116,N,51,0,51,51
C4,75,0,121,N,51,0,51,51
C4,75,0,125,N,51,0,51,51
C4,75,0,136,N,51,0,51,51
C4,75,0,142,N,51,0,51,51
C4,75,0,166,N,51,0,51,51
C40,75,1,0,N,20,20,0,0
C40,75,1,5,N,20,20,0,0
C41,75,1,0,N,20,20,0,0
C41,75,1,5,N,20,20,0,0
C42,75,1,0,N,50,50,0,0
C42,75,0.9,5,N,50,45,5,5
C42,75,0.86,7,N,50,43,2,7
C42,75,0.16,25,N,50,8,35,42
C42,75,0,50,N,50,0,8,50
C42,75,0,54,N,50,0,50,50
C44,75,1,0,N,20,20,0,0
C44,75,0.35,25,N,20,7,13,13
C44,75,0.05,47,N,20,1,6,19
C44,75,0,68,N,20,0,1,20
C44,75,0,68,N,50,0,50,50
C44,75,0,72,N,20,0,20,20
C44,75,0,75,N,20,0,20,20
C44,75,0,90,N,20,0,20,20
C44,75,0,95,N,20,0,20,20
C44,75,0,100.5,N,20,0,20,20
C44,75,0,116,N,20,0,20,20
C44,75,0,121,N,20,0,20,20
C44,75,0,125,N,20,0,20,20
C44,75,0,136,N,20,0,20,20
C44,75,0,142,N,20,0,20,20
C44,75,0,166,N,20,0,20,20
C46,75,1,0,N,20,20,0,0
C46,75,1,5,N,20,20,0,0
C46,75,1,7,N,20,20,0,0
C46,75,0,75,N,50,0,50,50
C47,75,1,0,N,20,20,0,0
C47,75,1,5,N,20,20,0,0
C47,75,0,90,N,50,0,50,50
C48,75,1,0,N,51,51,0,0
C48,75,0.745098039,5,N,51,38,13,13
C48,75,0.156862745,25,N,51,8,30,43
C48,75,0.098039216,29,N,51,5,2,46
C48,75,0.137254902,29,N,51,7,1,44
C48,75,0,50,N,51,0,5,51
C48,75,0,54,N,51,0,51,51
C48,75,0,95,N,50,0,50,50
C49,75,1,0,N,20,20,0,0
C49,75,1,5,N,20,20,0,0
C49,75,1,7,N,20,20,0,0
C49,75,0,64,N,51,0,51,51
C49,75,0,100.5,N,50,0,50,50
C50,75,1,0,N,20,20,0,0
C50,75,0.95,5,N,20,19,1,1
C50,75,0,68,N,51,0,51,51
C50,75,0,116,N,50,0,50,50
C51,75,1,0,N,16,16,0,0
C51,75,0.625,18,N,16,10,6,6
C51,75,0.5,21,N,16,8,2,8
C51,75,0.25,25,N,16,4,4,12
C51,75,0.0625,47,N,16,1,3,15
C51,75,0.0625,68,N,16,1,0,15
C51,75,0,72,N,51,0,51,51
C51,75,0,90,N,16,0,1,16
C51,75,0,95,N,16,0,16,16
C51,75,0,100.5,N,16,0,16,16
C51,75,0,116,N,16,0,16,16
C51,75,0,121,N,50,0,50,50
C51,75,0,121,N,16,0,16,16
C51,75,0,125,N,16,0,16,16
C51,75,0,136,N,16,0,16,16
C51,75,0,142,N,16,0,16,16
C51,75,0,166,N,16,0,16,16
C52,75,1,0,N,20,20,0,0
C52,75,0.9,18,N,20,18,1,2
C52,75,0.95,18,N,20,19,1,1
C52,75,0.9,21,N,20,18,0,2
C52,75,0.35,44,N,20,7,11,13
C52,75,0.05,64,N,20,1,6,19
C52,75,0,75,N,51,0,51,51
C52,75,0,90,N,20,0,1,20
C52,75,0,95,N,20,0,20,20
C52,75,0,100.5,N,20,0,20,20
C52,75,0,116,N,20,0,20,20
C52,75,0,121,N,20,0,20,20
C52,75,0,125,N,50,0,50,50
C52,75,0,125,N,20,0,20,20
C52,75,0,136,N,20,0,20,20
C52,75,0,142,N,20,0,20,20
C52,75,0,166,N,20,0,20,20
C54,75,1,0,N,20,20,0,0
C54,75,0.85,5,N,20,17,3,3
C54,75,0,95,N,51,0,51,51
C54,75,0,142,N,50,0,50,50
C55,75,1,0,Y,20,20,0,0
C55,75,0.8,21,Y,20,16,4,4
C55,75,0.6,29,Y,20,12,4,8
C55,75,0.2,41,Y,20,4,8,16
C55,75,0.05,47,Y,20,1,3,19
C55,75,0,50,Y,20,0,1,20
C55,75,0,54,Y,20,0,20,20
C55,75,0,64,Y,20,0,20,20
C55,75,0,68,Y,20,0,20,20
C55,75,0,72,Y,20,0,20,20
C55,75,0,75,Y,20,0,20,20
C55,75,0,90,Y,20,0,20,20
C55,75,0,95,Y,20,0,20,20
C55,75,0,100.5,N,51,0,51,51
C55,75,0,100.5,Y,20,0,20,20
C55,75,0,116,Y,20,0,20,20
C55,75,0,121,Y,20,0,20,20
C55,75,0,125,Y,20,0,20,20
C55,75,0,136,Y,20,0,20,20
C55,75,0,142,Y,20,0,20,20
C55,75,0,166,N,50,0,50,50
C55,75,0,166,Y,20,0,20,20
C57,75,1,0,N,24,24,0,0
C57,75,0.75,18,N,24,18,6,6
C57,75,0.375,25,N,24,9,9,15
C57,75,0.208333333,41,N,24,5,4,19
C57,75,0.166666667,44,N,24,4,1,20
C57,75,0.166666667,50,N,24,4,0,20
C57,75,0,54,N,24,0,4,24
C57,75,0,64,N,24,0,24,24
C57,75,0,68,N,24,0,24,24
C57,75,0,72,N,24,0,24,24
C57,75,0,75,N,24,0,24,24
C57,75,0,90,N,24,0,24,24
C57,75,0,95,N,24,0,24,24
C57,75,0,100.5,N,24,0,24,24
C57,75,0,116,N,24,0,24,24
C57,75,0,121,N,51,0,51,51
C57,75,0,121,N,24,0,24,24
C57,75,0,125,N,24,0,24,24
C57,75,0,136,N,24,0,24,24
C57,75,0,142,N,24,0,24,24
C57,75,0,166,N,24,0,24,24
C58,75,1,0,Y,20,20,0,0
C58,75,1,18,Y,20,20,0,0
C58,75,1,25,Y,20,20,0,0
C58,75,0.85,36,Y,20,17,3,3
C58,75,0.75,41,Y,20,15,2,5
C58,75,0.25,44,Y,20,5,10,15
C58,75,0.2,50,Y,20,4,1,16
C58,75,0,75,Y,20,0,4,20
C58,75,0,90,Y,20,0,20,20
C58,75,0,95,Y,20,0,20,20
C58,75,0,100.5,Y,20,0,20,20
C58,75,0,116,Y,20,0,20,20
C58,75,0,121,Y,20,0,20,20
C58,75,0,125,N,51,0,51,51
C58,75,0,125,Y,20,0,20,20
C58,75,0,136,Y,20,0,20,20
C58,75,0,142,Y,20,0,20,20
C58,75,0,166,Y,20,0,20,20
C59,75,1,0,Y,20,20,0,0
C59,75,0.9,18,Y,20,18,2,2
C59,75,0.8,25,Y,20,16,2,4
C59,75,0.45,36,Y,20,9,7,11
C59,75,0.3,41,Y,20,6,3,14
C59,75,0.25,44,Y,20,5,1,15
C59,75,0.25,50,Y,20,5,0,15
C59,75,0,75,Y,20,0,5,20
C59,75,0,90,Y,20,0,20,20
C59,75,0,95,Y,20,0,20,20
C59,75,0,100.5,Y,20,0,20,20
C59,75,0,116,Y,20,0,20,20
C59,75,0,121,Y,20,0,20,20
C59,75,0,125,Y,20,0,20,20
C59,75,0,136,N,51,0,51,51
C59,75,0,136,Y,20,0,20,20
C59,75,0,142,Y,20,0,20,20
C59,75,0,166,Y,20,0,20,20
C60,75,1,0,Y,22,22,0,0
C60,75,0.727272727,18,Y,22,16,6,6
C60,75,0.681818182,25,Y,22,15,1,7
C60,75,0.272727273,54,Y,22,6,9,16
C60,75,0.181818182,68,Y,22,4,2,18
C60,75,0,90,Y,22,0,4,22
C60,75,0,95,Y,22,0,22,22
C60,75,0,100.5,Y,22,0,22,22
C60,75,0,116,Y,22,0,22,22
C60,75,0,121,Y,22,0,22,22
C60,75,0,125,Y,22,0,22,22
C60,75,0,136,Y,22,0,22,22
C60,75,0,142,N,51,0,51,51
C60,75,0,142,Y,22,0,22,22
C60,75,0,166,Y,22,0,22,22
C61,75,1,0,N,50,50,0,0
C61,75,0.96,18,N,50,48,2,2
C61,75,0.86,25,N,50,43,5,7
C61,75,0.68,36,N,50,34,9,16
C61,75,0.64,41,N,50,32,2,18
C61,75,0.6,44,N,50,30,2,20
C61,75,0.56,50,N,50,28,2,22
C61,75,0,166,N,51,0,51,51
C62,75,1,0,N,20,20,0,0
C62,75,1,12,N,20,20,0,0
C63,75,1,0,N,20,20,0,0
C63,75,1,12,N,20,20,0,0
C64,75,1,0,N,20,20,0,0
C64,75,1,4,N,20,20,0,0
C65,75,1,0,N,20,20,0,0
C65,75,1,4,N,20,20,0,0
C66,75,1,0,N,50,50,0,0
C66,75,1,4,N,50,50,0,0
C66,75,0.94,7,N,50,47,3,3
C66,75,0.5,29,N,50,25,22,25
C66,75,0.02,50,N,50,1,24,49
C66,75,0,72,N,50,0,1,50
C66,75,0,75,N,50,0,50,50
C66,75,0,90,N,50,0,50,50
C66,75,0,95,N,50,0,50,50
C66,75,0,100.5,N,50,0,50,50
C66,75,0,116,N,50,0,50,50
C66,75,0,121,N,50,0,50,50
C66,75,0,125,N,50,0,50,50
C66,75,0,136,N,50,0,50,50
C66,75,0,142,N,50,0,50,50
C66,75,0,166,N,50,0,50,50
C7,75,1,0,N,20,20,0,0
C7,75,0.85,4,N,20,17,3,3
C70,75,1,0,N,20,20,0,0
C70,75,1,4,N,20,20,0,0
C71,75,1,0,N,20,20,0,0
C71,75,1,4,N,20,20,0,0
C71,75,1,7,N,20,20,0,0
C73,75,1,0,N,50,50,0,0
C73,75,1,4,N,50,50,0,0
C74,75,1,0,N,50,50,0,0
C74,75,1,4,N,50,50,0,0
C74,75,0.16,25,N,50,8,42,42
C74,75,0.04,29,N,50,2,6,48
C74,75,0,50,N,50,0,2,50
C74,75,0,54,N,50,0,50,50
C74,75,0,64,N,50,0,50,50
C74,75,0,68,N,50,0,50,50
C74,75,0,72,N,50,0,50,50
C74,75,0,75,N,50,0,50,50
C74,75,0,90,N,50,0,50,50
C74,75,0,95,N,50,0,50,50
C74,75,0,100.5,N,50,0,50,50
C74,75,0,116,N,50,0,50,50
C74,75,0,121,N,50,0,50,50
C74,75,0,125,N,50,0,50,50
C74,75,0,136,N,50,0,50,50
C74,75,0,142,N,50,0,50,50
C74,75,0,166,N,50,0,50,50
C75,75,1,0,Y,15,15,0,0
C75,75,0.733333333,18,Y,15,11,4,4
C75,75,0.6,25,Y,15,9,2,6
C75,75,0.533333333,50,Y,15,8,1,7
C75,75,0,68,Y,15,0,8,15
C75,75,0,72,Y,15,0,15,15
C75,75,0,75,Y,15,0,15,15
C75,75,0,90,Y,15,0,15,15
C75,75,0,95,Y,15,0,15,15
C75,75,0,100.5,Y,15,0,15,15
C75,75,0,116,Y,15,0,15,15
C75,75,0,121,Y,15,0,15,15
C75,75,0,125,Y,15,0,15,15
C75,75,0,136,Y,15,0,15,15
C75,75,0,142,Y,15,0,15,15
C75,75,0,166,Y,15,0,15,15
C83,100,1,0,N,50,50,0,0
C83,100,1,5,N,50,50,0,0
C83,100,0.9,29,N,50,45,5,5
C83,100,0.9,47,N,50,45,0,5
C83,100,0.9,54,N,50,45,0,5
C83,100,0.1,95,N,50,5,40,45
C83,100,0.06,100.5,N,50,3,2,47
C83,100,0,125,N,50,0,3,50
C83,100,0,136,N,50,0,50,50
C83,100,0,142,N,50,0,50,50
C83,100,0,166,N,50,0,50,50
C85,100,1,0,N,49,49,0,0
C85,100,0.959183673,3,N,49,47,2,2
C90,75,1,0,Y,4,4,0,0
C90,75,1,7,Y,4,4,0,0
C90,75,0.75,21,Y,4,3,1,1
C90,75,0.5,29,Y,4,2,1,2
C90,75,0.75,29,Y,4,3,0,1
C90,75,0,50,Y,4,0,2,4
C90,75,0,54,Y,4,0,4,4
C90,75,0,64,Y,4,0,4,4
C90,75,0,68,Y,4,0,4,4
C90,75,0,72,Y,4,0,4,4
C90,75,0,75,Y,4,0,4,4
C90,75,0,90,Y,4,0,4,4
C90,75,0,95,Y,4,0,4,4
C90,75,0,100.5,Y,4,0,4,4
C90,75,0,116,Y,4,0,4,4
C90,75,0,121,Y,4,0,4,4
C90,75,0,125,Y,4,0,4,4
C90,75,0,136,Y,4,0,4,4
C90,75,0,142,Y,4,0,4,4
C90,75,0,166,Y,4,0,4,4
C95,75,1,0,Y,20,20,0,0
C95,75,0.95,18,Y,20,19,1,1
C95,75,0.95,25,Y,20,19,0,1
C95,75,0,64,Y,20,0,19,20
C95,75,0,68,Y,20,0,20,20
C95,75,0,72,Y,20,0,20,20
C95,75,0,75,Y,20,0,20,20
C95,75,0,90,Y,20,0,20,20
C95,75,0,95,Y,20,0,20,20
C95,75,0,100.5,Y,20,0,20,20
C95,75,0,116,Y,20,0,20,20
C95,75,0,121,Y,20,0,20,20
C95,75,0,125,Y,20,0,20,20
C95,75,0,136,Y,20,0,20,20
C95,75,0,142,Y,20,0,20,20
C95,75,0,166,Y,20,0,20,20
CC1,100,1,0,N,50,50,0,0
CC1,100,1,3,N,50,50,0,0
CC1,100,0.84,21,N,50,42,8,8
CC1,100,0.68,29,N,50,34,8,16
CC1,100,0.36,47,N,50,18,16,32
CC1,100,0.28,54,N,50,14,4,36
CC1,100,0.06,68,N,50,3,11,47
CC1,100,0.02,72,N,50,1,2,49
CC1,100,0,142,N,50,0,1,50
CC1,100,0,166,N,50,0,50,50
CC10,75,1,0,Y,20,20,0,0
CC10,75,0.9,21,Y,20,18,2,2
CC10,75,0.75,29,Y,20,15,3,5
CC10,75,0.1,41,Y,20,2,13,18
CC10,75,0.05,54,Y,20,1,1,19
CC10,75,0,64,Y,20,0,1,20
CC10,75,0,68,Y,20,0,20,20
CC10,75,0,72,Y,20,0,20,20
CC10,75,0,75,Y,20,0,20,20
CC10,75,0,90,Y,20,0,20,20
CC10,75,0,95,Y,20,0,20,20
CC10,75,0,100.5,Y,20,0,20,20
CC10,75,0,116,Y,20,0,20,20
CC10,75,0,121,Y,20,0,20,20
CC10,75,0,125,Y,20,0,20,20
CC10,75,0,136,Y,20,0,20,20
CC10,75,0,142,Y,20,0,20,20
CC10,75,0,166,Y,20,0,20,20
CC11,75,1,0,Y,20,20,0,0
CC11,75,0.85,21,Y,20,17,3,3
CC11,75,0.8,29,Y,20,16,1,4
CC11,75,0.15,41,Y,20,3,13,17
CC11,75,0.05,54,Y,20,1,2,19
CC11,75,0.05,64,Y,20,1,0,19
CC11,75,0,90,Y,20,0,1,20
CC11,75,0,95,Y,20,0,20,20
CC11,75,0,100.5,Y,20,0,20,20
CC11,75,0,116,Y,20,0,20,20
CC11,75,0,121,Y,20,0,20,20
CC11,75,0,125,Y,20,0,20,20
CC11,75,0,136,Y,20,0,20,20
CC11,75,0,142,Y,20,0,20,20
CC11,75,0,166,Y,20,0,20,20
CC12,75,1,0,Y,20,20,0,0
CC12,75,0.35,21,Y,20,7,13,13
CC12,75,0.2,29,Y,20,4,3,16
CC12,75,0,50,Y,20,0,4,20
CC12,75,0,54,Y,20,0,20,20
CC12,75,0,64,Y,20,0,20,20
CC12,75,0,68,Y,20,0,20,20
CC12,75,0,72,Y,20,0,20,20
CC12,75,0,75,Y,20,0,20,20
CC12,75,0,90,Y,20,0,20,20
CC12,75,0,95,Y,20,0,20,20
CC12,75,0,100.5,Y,20,0,20,20
CC12,75,0,116,Y,20,0,20,20
CC12,75,0,121,Y,20,0,20,20
CC12,75,0,125,Y,20,0,20,20
CC12,75,0,136,Y,20,0,20,20
CC12,75,0,142,Y,20,0,20,20
CC12,75,0,166,Y,20,0,20,20
CC13,75,0.65,0,Y,20,13,0,0
CC13,75,0.5,21,Y,20,10,10,10
CC13,75,0.2,29,Y,20,4,6,16
CC13,75,0,50,Y,20,0,4,20
CC13,75,0,54,Y,20,0,20,20
CC13,75,0,64,Y,20,0,20,20
CC13,75,0,68,Y,20,0,20,20
CC13,75,0,72,Y,20,0,20,20
CC13,75,0,75,Y,20,0,20,20
CC13,75,0,90,Y,20,0,20,20
CC13,75,0,95,Y,20,0,20,20
CC13,75,0,100.5,Y,20,0,20,20
CC13,75,0,116,Y,20,0,20,20
CC13,75,0,121,Y,20,0,20,20
CC13,75,0,125,Y,20,0,20,20
CC13,75,0,136,Y,20,0,20,20
CC13,75,0,142,Y,20,0,20,20
CC13,75,0,166,Y,20,0,20,20
CC14,75,1,0,Y,20,20,0,0
CC14,75,1,5,Y,20,20,0,0
CC14,75,0.8,21,Y,20,16,4,4
CC14,75,0.55,29,Y,20,11,5,9
CC14,75,0.25,41,Y,20,5,6,15
CC14,75,0.1,54,Y,20,2,3,18
CC14,75,0,64,Y,20,0,2,20
CC14,75,0,68,Y,20,0,20,20
CC14,75,0,72,Y,20,0,20,20
CC14,75,0,75,Y,20,0,20,20
CC14,75,0,90,Y,20,0,20,20
CC14,75,0,95,Y,20,0,20,20
CC14,75,0,100.5,Y,20,0,20,20
CC14,75,0,116,Y,20,0,20,20
CC14,75,0,121,Y,20,0,20,20
CC14,75,0,125,Y,20,0,20,20
CC14,75,0,136,Y,20,0,20,20
CC14,75,0,142,Y,20,0,20,20
CC14,75,0,166,Y,20,0,20,20
CC15,100,1,0,Y,20,20,0,0
CC15,100,1,5,Y,20,20,0,0
CC15,100,1,21,Y,20,20,0,0
CC15,100,0.95,29,Y,20,19,1,1
CC15,100,0.55,41,Y,20,11,5,9
CC15,100,0.35,54,Y,20,7,4,13
CC15,100,0.1,64,Y,20,2,5,18
CC15,100,0.1,75,Y,20,2,0,18
CC15,100,0.05,90,Y,20,1,1,19
CC15,100,0,116,Y,20,0,1,20
CC15,100,0,121,Y,20,0,20,20
CC15,100,0,125,Y,20,0,20,20
CC15,100,0,136,Y,20,0,20,20
CC15,100,0,142,Y,20,0,20,20
CC15,100,0,166,Y,20,0,20,20
CC16,100,1,0,Y,20,20,0,0
CC16,100,1,5,Y,20,20,0,0
CC16,100,1,21,Y,20,20,0,0
CC16,100,1,29,Y,20,20,0,0
CC16,100,0.85,41,Y,20,17,3,3
CC16,100,0.5,54,Y,20,10,7,10
CC16,100,0.45,64,Y,20,9,1,11
CC16,100,0.05,75,Y,20,1,8,19
CC16,100,0,100.5,Y,20,0,20,20
CC16,100,0,116,Y,20,0,20,20
CC16,100,0,121,Y,20,0,20,20
CC16,100,0,125,Y,20,0,20,20
CC16,100,0,136,Y,20,0,20,20
CC16,100,0,142,Y,20,0,20,20
CC16,100,0,166,Y,20,0,20,20
CC17,100,1,0,Y,20,20,0,0
CC17,100,1,5,Y,20,20,0,0
CC17,100,1,21,Y,20,20,0,0
CC17,100,1,29,Y,20,20,0,0
CC17,100,1,41,Y,20,20,0,0
CC17,100,0.5,54,Y,20,10,10,10
CC17,100,0.1,64,Y,20,2,8,18
CC17,100,0.1,75,Y,20,2,0,18
CC17,100,0.05,90,Y,20,1,1,19
CC17,100,0,100.5,Y,20,0,1,20
CC17,100,0,116,Y,20,0,20,20
CC17,100,0,121,Y,20,0,20,20
CC17,100,0,125,Y,20,0,20,20
CC17,100,0,136,Y,20,0,20,20
CC17,100,0,142,Y,20,0,20,20
CC17,100,0,166,Y,20,0,20,20
CC18,100,1,0,N,20,20,0,0
CC18,100,1,18,N,20,20,0,0
CC18,100,0.95,44,N,20,19,1,1
CC18,100,0.25,64,N,20,5,14,15
CC18,100,0.1,68,N,20,2,3,18
CC18,100,0,95,N,20,0,2,20
CC18,100,0,100.5,N,20,0,20,20
CC18,100,0,116,N,20,0,20,20
CC18,100,0,121,N,20,0,20,20
CC18,100,0,125,N,20,0,20,20
CC18,100,0,136,N,20,0,20,20
CC18,100,0,142,N,20,0,20,20
CC18,100,0,166,N,20,0,20,20
CC19,100,1,0,N,18,18,0,0
CC19,100,1,18,N,18,18,0,0
CC19,100,0.944444444,44,N,18,17,1,1
CC19,100,0.111111111,64,N,18,2,15,16
CC19,100,0.111111111,68,N,18,2,0,16
CC19,100,0,95,N,18,0,2,18
CC19,100,0,100.5,N,18,0,18,18
CC19,100,0,116,N,18,0,18,18
CC19,100,0,121,N,18,0,18,18
CC19,100,0,125,N,18,0,18,18
CC19,100,0,136,N,18,0,18,18
CC19,100,0,142,N,18,0,18,18
CC19,100,0,166,N,18,0,18,18
CC2,100,1,0,N,50,50,0,0
CC2,100,1,3,N,50,50,0,0
CC2,100,0.88,21,N,50,44,6,6
CC2,100,0.56,29,N,50,28,16,22
CC2,100,0.3,47,N,50,15,13,35
CC2,100,0.1,54,N,50,5,10,45
CC2,100,0,68,N,50,0,5,50
CC2,100,0,72,N,50,0,50,50
CC2,100,0,75,N,50,0,50,50
CC2,100,0,90,N,50,0,50,50
CC2,100,0,95,N,50,0,50,50
CC2,100,0,100.5,N,50,0,50,50
CC2,100,0,116,N,50,0,50,50
CC2,100,0,121,N,50,0,50,50
CC2,100,0,125,N,50,0,50,50
CC2,100,0,136,N,50,0,50,50
CC2,100,0,142,N,50,0,50,50
CC2,100,0,166,N,50,0,50,50
CC20,100,1,0,N,20,20,0,0
CC20,100,1,18,N,20,20,0,0
CC20,100,0.9,44,N,20,18,2,2
CC20,100,0.6,64,N,20,12,6,8
CC20,100,0.05,90,N,20,1,11,19
CC20,100,0,116,N,20,0,1,20
CC20,100,0,121,N,20,0,20,20
CC20,100,0,125,N,20,0,20,20
CC20,100,0,136,N,20,0,20,20
CC20,100,0,142,N,20,0,20,20
CC20,100,0,166,N,20,0,20,20
CC21,100,1,0,N,20,20,0,0
CC21,100,1,25,N,20,20,0,0
CC21,100,1,44,N,20,20,0,0
CC21,100,1,64,N,20,20,0,0
CC21,100,0.55,72,N,20,11,9,9
CC21,100,0.1,95,N,20,2,9,18
CC21,100,0,116,N,20,0,2,20
CC21,100,0,121,N,20,0,20,20
CC21,100,0,125,N,20,0,20,20
CC21,100,0,136,N,20,0,20,20
CC21,100,0,142,N,20,0,20,20
CC21,100,0,166,N,20,0,20,20
CC22,100,1,0,N,20,20,0,0
CC22,100,1,25,N,20,20,0,0
CC22,100,1,44,N,20,20,0,0
CC22,100,0.95,64,N,20,19,1,1
CC22,100,0.3,72,N,20,6,13,14
CC22,100,0.05,95,N,20,1,5,19
CC22,100,0,116,N,20,0,1,20
CC22,100,0,121,N,20,0,20,20
CC22,100,0,125,N,20,0,20,20
CC22,100,0,136,N,20,0,20,20
CC22,100,0,142,N,20,0,20,20
CC22,100,0,166,N,20,0,20,20
CC23,100,1,0,N,20,20,0,0
CC23,100,1,25,N,20,20,0,0
CC23,100,1,44,N,20,20,0,0
CC23,100,0.9,64,N,20,18,2,2
CC23,100,0.4,72,N,20,8,10,12
CC23,100,0.1,95,N,20,2,6,18
CC23,100,0,116,N,20,0,2,20
CC23,100,0,121,N,20,0,20,20
CC23,100,0,125,N,20,0,20,20
CC23,100,0,136,N,20,0,20,20
CC23,100,0,142,N,20,0,20,20
CC23,100,0,166,N,20,0,20,20
CC3,100,1,0,N,64,64,0,0
CC3,100,0.9375,7,N,64,60,4,4
CC3,100,0.796875,21,N,64,51,9,13
CC3,100,0.578125,25,N,64,37,14,27
CC3,100,0.078125,36,N,64,5,32,59
CC3,100,0.015625,47,N,64,1,4,63
CC3,100,0,54,N,64,0,1,64
CC3,100,0,64,N,64,0,64,64
CC3,100,0,68,N,64,0,64,64
CC3,100,0,72,N,64,0,64,64
CC3,100,0,75,N,64,0,64,64
CC3,100,0,90,N,64,0,64,64
CC3,100,0,95,N,64,0,64,64
CC3,100,0,100.5,N,64,0,64,64
CC3,100,0,116,N,64,0,64,64
CC3,100,0,121,N,64,0,64,64
CC3,100,0,125,N,64,0,64,64
CC3,100,0,136,N,64,0,64,64
CC3,100,0,142,N,64,0,64,64
CC3,100,0,166,N,64,0,64,64
CC4,100,1,0,Y,19,19,0,0
CC4,100,1,3,Y,19,19,0,0
CC4,100,1,18,Y,19,19,0,0
CC4,100,1,21,Y,19,19,0,0
CC4,100,1,29,Y,19,19,0,0
CC4,100,0.789473684,41,Y,19,15,4,4
CC4,100,0.684210526,50,Y,19,13,2,6
CC4,100,0.578947368,64,Y,19,11,2,8
CC4,100,0.210526316,75,Y,19,4,7,15
CC4,100,0.105263158,100.5,Y,19,2,2,17
CC4,100,0,121,Y,19,0,2,19
CC4,100,0,125,Y,19,0,19,19
CC4,100,0,136,Y,19,0,19,19
CC4,100,0,142,Y,19,0,19,19
CC4,100,0,166,Y,19,0,19,19
CC5,100,1,0,Y,21,21,0,0
CC5,100,1,3,Y,21,21,0,0
CC5,100,1,18,Y,21,21,0,0
CC5,100,1,21,Y,21,21,0,0
CC5,100,0.80952381,29,Y,21,17,4,4
CC5,100,0.571428571,41,Y,21,12,5,9
CC5,100,0.142857143,50,Y,21,3,9,18
CC5,100,0,75,Y,21,0,3,21
CC5,100,0,90,Y,21,0,21,21
CC5,100,0,95,Y,21,0,21,21
CC5,100,0,100.5,Y,21,0,21,21
CC5,100,0,116,Y,21,0,21,21
CC5,100,0,121,Y,21,0,21,21
CC5,100,0,125,Y,21,0,21,21
CC5,100,0,136,Y,21,0,21,21
CC5,100,0,142,Y,21,0,21,21
CC5,100,0,166,Y,21,0,21,21
CC6,100,1,0,Y,15,15,0,0
CC6,100,1,3,Y,15,15,0,0
CC6,100,1,18,Y,15,15,0,0
CC6,100,1,21,Y,15,15,0,0
CC6,100,1,29,Y,15,15,0,0
CC6,100,0.933333333,41,Y,15,14,1,1
CC6,100,0.8,50,Y,15,12,2,3
CC6,100,0.666666667,64,Y,15,10,2,5
CC6,100,0.133333333,75,Y,15,2,8,13
CC6,100,0,100.5,Y,15,0,2,15
CC6,100,0,116,Y,15,0,15,15
CC6,100,0,121,Y,15,0,15,15
CC6,100,0,125,Y,15,0,15,15
CC6,100,0,136,Y,15,0,15,15
CC6,100,0,142,Y,15,0,15,15
CC6,100,0,166,Y,15,0,15,15
CC7,100,1,0,Y,14,14,0,0
CC7,100,1,7,Y,14,14,0,0
CC7,100,1,18,Y,14,14,0,0
CC7,100,1,25,Y,14,14,0,0
CC7,100,1,44,Y,14,14,0,0
CC7,100,1,50,Y,14,14,0,0
CC7,100,0.142857143,75,Y,14,2,12,12
CC7,100,0,100.5,Y,14,0,2,14
CC7,100,0,116,Y,14,0,14,14
CC7,100,0,121,Y,14,0,14,14
CC7,100,0,125,Y,14,0,14,14
CC7,100,0,136,Y,14,0,14,14
CC7,100,0,142,Y,14,0,14,14
CC7,100,0,166,Y,14,0,14,14
CC8,100,1,0,Y,6,6,0,0
CC8,100,1,4,Y,6,6,0,0
CC8,100,0.333333333,90,Y,6,2,4,4
CC8,100,0,136,Y,6,0,2,6
CC8,100,0,142,Y,6,0,6,6
CC8,100,0,166,Y,6,0,6,6
CC9,100,1,0,Y,11,11,0,0
CC9,100,1,3,Y,11,11,0,0
CC9,100,1,29,Y,11,11,0,0
CC9,100,0.909090909,54,Y,11,10,1,1
CC9,100,0.818181818,75,Y,11,9,1,2
CC9,100,0.545454545,95,Y,11,6,3,5
CC9,100,0.363636364,100.5,Y,11,4,2,7
CC9,100,0.272727273,116,Y,11,3,1,8
CC9,100,0.090909091,142,Y,11,1,2,10
CC9,100,0,166,Y,11,0,1,11
DDC,75,0.86,4,N,50,43,7,7
DDC,100,0.92,4,N,50,46,4,4
DDC,75,0.88,5,N,50,44,6,6
DDC,75,0.94,5,N,50,47,3,3
DDC,100,0.955555556,5,N,45,43,2,2
DDC,75,0.96,5,N,50,48,2,2
DDC,75,0.96,5,N,50,48,2,2
DDC,100,0.96,5,N,50,48,2,2
DDC,75,0.98,5,N,50,49,1,1
DDC,100,0.98,5,N,50,49,1,1
DDC,100,0.98,5,N,50,49,1,1
DDC,75,1,5,N,50,50,0,0
DDC,100,1,5,N,50,50,0,0
DDC,75,0.9,7,N,50,45,5,5
DDC,100,0.96,7,N,50,48,2,2
DDC,100,1,7,N,50,50,0,0
DDC,100,1,7,N,50,50,0,0
DDC,100,1,7,N,50,50,0,0
DDC,75,1,7,N,50,50,0,0
DDC,75,1,7,N,50,50,0,0
DDC,75,1,7,N,50,50,0,0
DDC,75,0.1,18,N,50,5,45,45
DDC,75,0.2,18,N,100,20,80,80
DDC,75,0.24,18,N,50,12,38,38
DDC,75,0.24,18,N,50,12,38,38
DDC,75,0.246666667,18,N,150,37,113,113
DDC,75,0.28,18,N,50,14,36,36
DDC,75,0.28,18,N,50,14,36,36
DDC,75,0.28,18,N,50,14,36,36
DDC,75,0.3,18,N,50,15,35,35
DDC,75,0.32,18,N,50,16,34,34
DDC,75,0.333333333,18,N,30,10,20,20
DDC,75,0.36,18,N,50,18,32,32
DDC,75,0.46,18,N,50,23,27,27
DDC,75,0.52,18,N,50,26,24,24
DDC,75,0.525,18,N,40,21,19,19
DDC,100,0.573333333,18,N,150,86,64,64
DDC,75,0.6,18,N,50,30,20,20
DDC,100,0.6,18,N,50,30,20,20
DDC,75,0.62,18,N,50,31,19,19
DDC,75,0.64,18,N,50,32,18,18
DDC,75,0.66,18,N,50,33,17,17
DDC,75,0.66,18,N,50,33,17,17
DDC,100,0.66,18,N,50,33,17,17
DDC,75,0.66,18,N,50,33,17,17
DDC,75,0.66,18,N,50,33,17,17
DDC,75,0.69,18,N,100,69,31,31
DDC,100,0.7,18,N,50,35,15,15
DDC,75,0.7,18,N,50,35,15,15
DDC,75,0.74,18,N,100,74,26,26
DDC,100,0.76,18,N,50,38,12,12
DDC,75,0.76,18,N,50,38,12,12
DDC,75,0.76,18,N,50,38,12,12
DDC,75,0.82,18,N,50,41,9,9
DDC,100,0.82,18,N,50,41,9,9
DDC,75,0.82,18,N,50,41,9,9
DDC,100,0.84,18,N,50,42,8,8
DDC,75,0.86,18,N,50,43,7,7
DDC,100,0.86,18,N,50,43,7,7
DDC,100,0.87755102,18,N,49,43,6,6
DDC,75,0.9,18,N,50,45,5,5
DDC,75,0.92,18,N,50,46,4,4
DDC,100,0.92,18,N,50,46,4,4
DDC,100,0.92,18,N,50,46,4,4
DDC,100,0.92,18,N,100,92,8,8
DDC,100,0.94,18,N,50,47,3,3
DDC,100,0.96,18,N,50,48,2,2
DDC,100,0.96,18,N,50,48,2,2
DDC,100,0.96,18,N,50,48,2,2
DDC,100,0.96,18,N,50,48,2,2
DDC,100,0.977777778,18,N,90,88,2,2
DDC,75,0.98,18,N,50,49,1,1
DDC,100,0.98,18,N,50,49,1,1
DDC,100,1,18,N,50,50,0,0
DDC,75,1,18,N,50,50,0,0
DDC,100,1,18,N,40,40,0,0
DDC,100,1,18,N,50,50,0,0
DDC,100,1,18,N,50,50,0,0
DDC,100,1,18,N,50,50,0,0
DDC,100,1,18,N,50,50,0,0
DDC,100,1,18,N,50,50,0,0
DDC,75,0.06,25,N,50,3,47,47
DDC,75,0.16,25,N,50,8,42,42
DDC,75,0.32,25,N,50,16,34,34
DDC,75,0.32,25,N,50,16,34,34
DDC,75,0.34,25,N,50,17,33,33
DDC,75,0.4,25,N,50,20,30,30
DDC,100,0.416666667,25,N,48,20,28,28
DDC,75,0.54,25,N,50,27,23,23
DDC,100,0.6,25,N,50,30,20,20
DDC,75,0.64,25,N,50,32,18,18
DDC,75,0.7,25,N,50,35,15,15
DDC,100,0.72,25,N,50,36,14,14
DDC,75,0.72,25,N,50,36,14,14
DDC,100,0.72,25,N,50,36,14,14
DDC,75,0.74,25,N,50,37,13,13
DDC,75,0.76,25,N,50,38,12,12
DDC,100,0.85,25,N,20,17,3,3
DDC,100,0.86,25,N,50,43,7,7
DDC,100,0.88,25,N,50,44,6,6
DDC,100,0.9,25,N,50,45,5,5
DDC,100,0.9,25,N,50,45,5,5
DDC,100,0.92,25,N,50,46,4,4
DDC,100,0.98,25,N,50,49,1,1
DDC,75,0.18,29,N,50,9,41,41
DDC,75,0.24,29,N,50,12,38,38
DDC,75,0.34,29,N,50,17,33,33
DDC,75,0.36,29,N,50,18,32,32
DDC,75,0.44,29,N,50,22,28,28
DDC,75,0.58,29,N,50,29,21,21
DDC,75,0.64,29,N,50,32,18,18
DDC,100,0.78,29,N,50,39,11,11
DDC,100,0.82,29,N,50,41,9,9
DDC,100,0.92,29,N,50,46,4,4
DDC,100,0.92,29,N,50,46,4,4
DDC,100,0.92,29,N,50,46,4,4
DDC,100,1,29,N,50,50,0,0
DDC,75,0,36,N,20,0,20,20
DDC,75,0.2,36,N,50,10,40,40
DDC,100,0.021276596,47,N,47,1,46,46
DDC,75,0.18,47,N,50,9,41,41
DDC,75,0.26,50,N,50,13,37,37
DDC,75,0.44,50,N,50,22,28,28
DDC,100,0.56,50,N,50,28,22,22
DDC,75,0.02,54,N,50,1,49,49
DDC,100,0.68,54,N,50,34,16,16
DDC,75,0,72,N,50,0,50,50
DDC,100,0.52,72,N,50,26,24,24
DDC,75,0,95,N,50,0,50,50
DDC,75,0,95,N,50,0,50,50
DDC,75,0,95,N,50,0,50,50
DDC,100,0.2,95,N,50,10,40,40
DDC,100,0.24,95,N,50,12,38,38
DDC,100,0.32,95,N,50,16,34,34
DDC,100,0.42,95,N,50,21,29,29
DDC,75,0,95,N,50,0,50,50
DDC,100,0.06,121,N,50,3,47,47
